tipo,codigo,tipoPergunta,obrigatoria,outro,descricao,bloco,pergunta,,,
P,1,alternativa,true ,true ,Academia,A,,,,
A,1,,,,Aer Sadia,,1,,,
A,2,,,,Aquafit,,1,,,
A,3,,,,Bodybuilder,,1,,,
A,4,,,,Companhia do corpo,,1,,,
A,5,,,,Corpo Perfeito,,1,,,
A,6,,,,Craft,,1,,,
A,7,,,,Cross Toledo,,1,,,
A,8,,,,Elite Center,,1,,,
A,9,,,,Espaço corpo e mente,,1,,,
A,10,,,,Indside,,1,,,
A,11,,,,Iron Health Academia,,1,,,
A,12,,,,Moviment,,1,,,
A,13,,,,Physical 360,,1,,,
A,14,,,,Tole Fitness,,1,,,
A,15,,,,Toledo Futebol Clube,,1,,,
A,16,,,,Yara,,1,,,
P,2,alternativa,true ,true ,Acessórios para Celular,A,,,,
A,1,,,,Alô Capas,,2,,,
A,2,,,,Conserta Smart,,2,,,
A,3,,,,Dicases,,2,,,
A,4,,,,Junker Cell,,2,,,
A,5,,,,Master,,2,,,
A,6,,,,Multi Cell,,2,,,
A,7,,,,Multimarcas Celulares,,2,,,
A,8,,,,Terra Cel,,2,,,
A,9,,,,Unitel,,2,,,
A,10,,,,Vipcell,,2,,,
P,3,alternativa,true ,true ,Açougue,A,,,,
A,1,,,,Allmayer,,3,,,
A,2,,,,Barão,,3,,,
A,3,,,,Casa da Carne,,3,,,
A,4,,,,Cidade Canção,,3,,,
A,5,,,,Dall Bosco,,3,,,
A,6,,,,Gaucho,,3,,,
A,7,,,,Imperatriz,,3,,,
A,8,,,,Muffato,,3,,,
A,9,,,,Nacional,,3,,,
A,10,,,,Pioneiro,,3,,,
A,11,,,,Ponto Certo,,3,,,
A,12,,,,Primatto,,3,,,
A,13,,,,STOP,,3,,,
A,14,,,,Top Casa de Carnes,,3,,,
P,4,alternativa,true ,true ,Administradora de Consórcio,A,,,,
A,1,,,,Araucária,,4,,,
A,2,,,,Cipauto,,4,,,
A,3,,,,Contempla,,4,,,
A,4,,,,Fipal,,4,,,
A,5,,,,H Consórcios,,4,,,
A,6,,,,Herbicar,,4,,,
A,7,,,,Magazine Luiza,,4,,,
A,8,,,,Rivel,,4,,,
P,5,alternativa,true ,true ,Agência de Publicidade,A,,,,
A,1,,,,Bee Three,,5,,,
A,2,,,,Chapolim,,5,,,
A,3,,,,ENN,,5,,,
A,4,,,,Mova,,5,,,
A,5,,,,PROP,,5,,,
A,6,,,,Seta,,5,,,
A,7,,,,Tângelo,,5,,,
A,8,,,,VBEAL,,5,,,
P,6,alternativa,true ,true ,Agência de Viagem e Turismo,A,,,,
A,1,,,,Brasil Sul,,6,,,
A,2,,,,Clube de Turismo,,6,,,
A,3,,,,CVC,,6,,,
A,4,,,,Explorium Turismo,,6,,,
A,5,,,,Guaçu Tur,,6,,,
A,6,,,,Lumiar,,6,,,
A,7,,,,Manutur,,6,,,
A,8,,,,Nice Tur,,6,,,
A,9,,,,Nordeste,,6,,,
A,10,,,,Princesa dos Campos,,6,,,
A,11,,,,Transgiro,,6,,,
A,12,,,,Transtol,,6,,,
A,13,,,,Unisul,,6,,,
P,7,alternativa,true ,true ,Agroindústria,A,,,,
A,1,,,,Bicho Bom,,7,,,
A,2,,,,BRF,,7,,,
A,3,,,,Coamo,,7,,,
A,4,,,,I. riedi,,7,,,
A,5,,,,Inomaq,,7,,,
A,6,,,,Lacto Bom,,7,,,
A,7,,,,Primato,,7,,,
A,8,,,,Sadia,,7,,,
A,9,,,,Sperafico,,7,,,
A,10,,,,Sul Pesca,,7,,,
P,8,alternativa,true ,true ,Agropecuária,A,,,,
A,1,,,,Agrofar,,8,,,
A,2,,,,Avicasp,,8,,,
A,3,,,,Bicho Bom,,8,,,
A,4,,,,Boi Gordo,,8,,,
A,5,,,,Bom Pastor,,8,,,
A,6,,,,Casa do Colono,,8,,,
A,7,,,,Cia Técnica,,8,,,
A,8,,,,Fertigão,,8,,,
A,9,,,,Pan Agropecuária,,8,,,
A,10,,,,Primato,,8,,,
A,11,,,,Sabia,,8,,,
A,12,,,,Safra,,8,,,
A,13,,,,São Francisco,,8,,,
A,14,,,,Scherer,,8,,,
A,15,,,,Toleagro,,8,,,
P,9,alternativa,true ,true ,Assistência Técnica para Celular,A,,,,
A,1,,,,Centro Celulares,,9,,,
A,2,,,,Conserta Smart,,9,,,
A,3,,,,Consertec,,9,,,
A,4,,,,Doutor Celular,,9,,,
A,5,,,,Eletrônica do Carlos,,9,,,
A,6,,,,Junker Cell,,9,,,
A,7,,,,Master,,9,,,
A,8,,,,Multi Cell,,9,,,
A,9,,,,Multimarcas Celulares,,9,,,
A,10,,,,Mythus,,9,,,
A,11,,,,Power Eletronico,,9,,,
A,12,,,,Terra Cel,,9,,,
A,13,,,,Unitel,,9,,,
P,10,alternativa,true ,true ,Autocenter,A,,,,
A,1,,,,Alemão,,10,,,
A,2,,,,Belenzier,,10,,,
A,3,,,,CRV Xscar,,10,,,
A,4,,,,Dipema,,10,,,
A,5,,,,DPascoal,,10,,,
A,6,,,,Kakarekos,,10,,,
A,7,,,,Mundial,,10,,,
A,8,,,,Otto,,10,,,
A,9,,,,São Jorge,,10,,,
A,10,,,,Scenicar,,10,,,
A,11,,,,Universal,,10,,,
A,12,,,,Vanzella,,10,,,
A,13,,,,Xscap,,10,,,
P,11,alternativa,true ,true ,Bar e chopperia,A,,,,
A,1,,,,Bar do Mosquito,,11,,,
A,2,,,,Boteco Universitário,,11,,,
A,3,,,,Botequin da Esquina,,11,,,
A,4,,,,D'Paula,,11,,,
A,5,,,,Engenho,,11,,,
A,6,,,,Golden Chopp,,11,,,
A,7,,,,Hangar 77,,11,,,
A,8,,,,Kings Pub,,11,,,
A,9,,,,Lampião Bar,,11,,,
A,10,,,,Martignoni,,11,,,
A,11,,,,Queen's Pub,,11,,,
A,12,,,,Subway,,11,,,
A,13,,,,The Celt,,11,,,
A,14,,,,Vila Real,,11,,,
P,12,alternativa,true ,true ,Bicicletaria,A,,,,
A,1,,,,1º de Maio Bicicletaria,,12,,,
A,2,,,,Avenida,,12,,,
A,3,,,,Baiano Bicicletaria,,12,,,
A,4,,,,Bike Session,,12,,,
A,5,,,,Boa Esperança,,12,,,
A,6,,,,Dias Bike e Moto,,12,,,
A,7,,,,Farma Cicles,,12,,,
A,8,,,,Pedal Bike,,12,,,
A,9,,,,Planet Bike,,12,,,
A,10,,,,Souza Bikes,,12,,,
A,11,,,,Vulsan Cicles,,12,,,
P,13,alternativa,true ,true ,Casa de shows e eventos,A,,,,
A,1,,,,Abbey Road Pub,,13,,,
A,2,,,,Clube Olimpico,,13,,,
A,3,,,,Empório Santa Maria,,13,,,
A,4,,,,Garden,,13,,,
A,5,,,,Kaballah,,13,,,
A,6,,,,Taj Mahal,,13,,,
P,14,alternativa,true ,true ,Centro de Formação de Condutores (CFC) - Auto Escola,A,,,,
A,1,,,,Avenida,,14,,,
A,2,,,,Capital,,14,,,
A,3,,,,Conforto,,14,,,
A,4,,,,Mais,,14,,,
A,5,,,,Panorama,,14,,,
A,6,,,,Pioneiro,,14,,,
A,7,,,,Pra Frente Brasil,,14,,,
A,8,,,,Rumo Certo,,14,,,
A,9,,,,Semaforo,,14,,,
A,10,,,,Silveira,,14,,,
A,11,,,,Toledo,,14,,,
P,15,alternativa,true ,true ,Clínica veterinária,A,,,,
A,1,,,,A Fazenda,,15,,,
A,2,,,,Aquaripesca,,15,,,
A,3,,,,Aquarivet,,15,,,
A,4,,,,Aukmia,,15,,,
A,5,,,,Bicho Bom,,15,,,
A,6,,,,Bio Gordo,,15,,,
A,7,,,,Bom Pastor,,15,,,
A,8,,,,Bom pastor,,15,,,
A,9,,,,Cia Tecnica,,15,,,
A,10,,,,DuManu,,15,,,
A,11,,,,Fertigão,,15,,,
A,12,,,,Patas de Ouro,,15,,,
A,13,,,,Pet chow,,15,,,
A,14,,,,Primato,,15,,,
A,15,,,,PUC,,15,,,
A,16,,,,São Francisco ,,15,,,
A,17,,,,Scherer,,15,,,
A,18,,,,Tolevet,,15,,,
P,16,alternativa,true ,true ,Comércio de Peças Usadas,A,,,,
A,1,,,,Auto Contato,,16,,,
A,2,,,,CPU,,16,,,
A,3,,,,Euro Peças Comercio de Peças Usadas  ,,16,,,
A,4,,,,Ferrari,,16,,,
A,5,,,,KR,,16,,,
A,6,,,,Mega,,16,,,
A,7,,,,Triunfo,,16,,,
P,17,alternativa,true ,true ,Comércio de Veículos Usados,A,,,,
A,1,,,,Airton Veiculos,,17,,,
A,2,,,,Arcenio,,17,,,
A,3,,,,Atalaia,,17,,,
A,4,,,,Auto Mais,,17,,,
A,5,,,,Barrão Car,,17,,,
A,6,,,,Ben Hur Car,,17,,,
A,7,,,,Brasil Car,,17,,,
A,8,,,,Central,,17,,,
A,9,,,,Cipauto,,17,,,
A,10,,,,Cometa,,17,,,
A,11,,,,Fipal,,17,,,
A,12,,,,Global,,17,,,
A,13,,,,Ipanema,,17,,,
A,14,,,,JJ Veiculos,,17,,,
A,15,,,,Malacarne Veículos,,17,,,
A,16,,,,Maripa,,17,,,
A,17,,,,Milena,,17,,,
A,18,,,,Mileniunn ,,17,,,
A,19,,,,Montana,,17,,,
A,20,,,,Piramide,,17,,,
A,21,,,,Rebivel,,17,,,
A,22,,,,Seberi,,17,,,
P,18,alternativa,true ,true ,Comércio e Serviço de Refrigeração,A,,,,
A,1,,,,Brasfrio,,18,,,
A,2,,,,Castol,,18,,,
A,3,,,,Climatol,,18,,,
A,4,,,,Dutra,,18,,,
A,5,,,,Fique Frio,,18,,,
A,6,,,,Flaviomar,,18,,,
A,7,,,,Fornari,,18,,,
A,8,,,,Geletric,,18,,,
A,9,,,,Gelotec,,18,,,
A,10,,,,Goldfrio,,18,,,
A,11,,,,Panorama,,18,,,
A,12,,,,Pratica Refrigeração,,18,,,
A,13,,,,Refripar,,18,,,
A,14,,,,Tec Frio,,18,,,
A,15,,,,Thermotec,,18,,,
A,16,,,,Toledo Climatização,,18,,,
P,19,alternativa,true ,true ,Concessionária de Veículos (Novos),A,,,,
A,1,,,,BMW,,19,,,
A,2,,,,Bonsai Motors ,,19,,,
A,3,,,,Brizza Motors,,19,,,
A,4,,,,Chevrolet,,19,,,
A,5,,,,Chiapetti,,19,,,
A,6,,,,Cipauto,,19,,,
A,7,,,,Cometa,,19,,,
A,8,,,,Enjin Veículos,,19,,,
A,9,,,,Euro Import,,19,,,
A,10,,,,Fiat,,19,,,
A,11,,,,Fipal,,19,,,
A,12,,,,Ford,,19,,,
A,13,,,,Herbicar,,19,,,
A,14,,,,Honda,,19,,,
A,15,,,,Hyundai,,19,,,
A,16,,,,Jeep,,19,,,
A,17,,,,Mitsubishi,,19,,,
A,18,,,,Nissan,,19,,,
A,19,,,,Opel,,19,,,
A,20,,,,Open Veículos,,19,,,
A,21,,,,Pirâmide Veículos,,19,,,
A,22,,,,Renault,,19,,,
A,23,,,,Slavieiro,,19,,,
A,24,,,,Toyota,,19,,,
A,25,,,,Volksvagem,,19,,,
A,26,,,,Zeni Motors,,19,,,
P,20,alternativa,true ,true ,Construtora,A,,,,
A,1,,,,ADM,,20,,,
A,2,,,,AWR,,20,,,
A,3,,,,Bettega,,20,,,
A,4,,,,Casa Nova,,20,,,
A,5,,,,Cidade Bella,,20,,,
A,6,,,,D.A.D.,,20,,,
A,7,,,,Dal Bosco,,20,,,
A,8,,,,EHE,,20,,,
A,9,,,,Kaiser,,20,,,
A,10,,,,Merano,,20,,,
A,11,,,,Mercante,,20,,,
A,12,,,,Pedrini,,20,,,
A,13,,,,Rawi,,20,,,
A,14,,,,RG Construções,,20,,,
A,15,,,,Sol de Maio,,20,,,
A,16,,,,Tetris,,20,,,
A,17,,,,TR3S,,20,,,
P,21,alternativa,true ,true ,Corretora de Seguros,A,,,,
A,1,,,,Bradesco,,21,,,
A,2,,,,Caixa Econômica,,21,,,
A,3,,,,Contraseg,,21,,,
A,4,,,,Dullius,,21,,,
A,5,,,,Maciel,,21,,,
A,6,,,,Nobre,,21,,,
A,7,,,,Rocha,,21,,,
A,8,,,,RS,,21,,,
A,9,,,,Sicoob,,21,,,
A,10,,,,Sicredi,,21,,,
A,11,,,,Valdir,,21,,,
A,12,,,,VIP,,21,,,
P,22,alternativa,true ,true ,Decoração e Acabamentos,A,,,,
A,1,,,,Angel,,22,,,
A,2,,,,Arte Gesso,,22,,,
A,3,,,,Cadeiras Rosa,,22,,,
A,4,,,,Capricho,,22,,,
A,5,,,,Casa 4,,22,,,
A,6,,,,Con-Art,,22,,,
A,7,,,,Conforto,,22,,,
A,8,,,,Constrular,,22,,,
A,9,,,,Decampos,,22,,,
A,10,,,,Faenza,,22,,,
A,11,,,,Fumacol,,22,,,
A,12,,,,Imperial Gesso,,22,,,
A,13,,,,Lu Decorações,,22,,,
A,14,,,,Miriam Rios,,22,,,
A,15,,,,Neo Reveste,,22,,,
A,16,,,,Nova Decorações,,22,,,
A,17,,,,Porto Bello,,22,,,
A,18,,,,Prisma Design,,22,,,
A,19,,,,Van Gogh,,22,,,
A,20,,,,Via Brasil,,22,,,
A,21,,,,Via Casa,,22,,,
A,22,,,,VN Gesso,,22,,,
A,23,,,,Zacar Decor,,22,,,
P,23,alternativa,true ,true ,Despachante,A,,,,
A,1,,,,Camargo,,23,,,
A,2,,,,Ceccatto,,23,,,
A,3,,,,Nelci,,23,,,
A,4,,,,Odair Donin,,23,,,
A,5,,,,Panorama,,23,,,
A,6,,,,Pioneiro,,23,,,
A,7,,,,Pra Frente Brasil,,23,,,
A,8,,,,Santos,,23,,,
A,9,,,,Silveira,,23,,,
A,10,,,,Toledo,,23,,,
A,11,,,,Vado,,23,,,
P,24,alternativa,true ,true ,Disk Gás,A,,,,
A,1,,,,Batista Gás e Água,,24,,,
A,2,,,,Brasil Gás,,24,,,
A,3,,,,Bruno Gás e Água,,24,,,
A,4,,,,Clair Gás e Água,,24,,,
A,5,,,,Fernando Gás,,24,,,
A,6,,,,Liquigás,,24,,,
A,7,,,,Liquigas do Europa,,24,,,
A,8,,,,Marítima Gás e Água,,24,,,
A,9,,,,Pioneiro Gás,,24,,,
A,10,,,,Poletto Gás e Água,,24,,,
A,11,,,,Supergasbras,,24,,,
A,12,,,,Toledo Gás,,24,,,
A,13,,,,Ultragaz,,24,,,
A,14,,,,Viagás,,24,,,
A,15,,,,Viável Comercio de Gás,,24,,,
P,25,alternativa,true ,true ,Distribuidora de Bebidas,A,,,,
A,1,,,,Bier House,,25,,,
A,2,,,,Canário,,25,,,
A,3,,,,Cobezal,,25,,,
A,4,,,,Framiely,,25,,,
A,5,,,,Japones,,25,,,
A,6,,,,JM,,25,,,
A,7,,,,Kailer,,25,,,
A,8,,,,K,,25,,,
A,9,,,,Master,,25,,,
A,10,,,,Passarinho,,25,,,
A,11,,,,Sapezal,,25,,,
A,12,,,,Sol e Mar,,25,,,
A,13,,,,Tolemar,,25,,,
P,26,alternativa,true ,true ,Eletrônica - Assistencia Técnica/Consertos,A,,,,
A,1,,,,Amplitec,,26,,,
A,2,,,,Bedin Sat,,26,,,
A,3,,,,Carlos,,26,,,
A,4,,,,Cittadin,,26,,,
A,5,,,,Eletronica Rios,,26,,,
A,6,,,,Herzog,,26,,,
A,7,,,,Ingá,,26,,,
A,8,,,,Mercadão da Eletrônica,,26,,,
A,9,,,,Omega Sat,,26,,,
A,10,,,,Palmersat,,26,,,
A,11,,,,Pardaltech,,26,,,
A,12,,,,Prisma,,26,,,
A,13,,,,Saturno,,26,,,
A,14,,,,TV-Ar,,26,,,
A,15,,,,Universal,,26,,,
P,27,alternativa,true ,true ,Eletrônica – Revenda e instalações,A,,,,
A,1,,,,Amplitec,,27,,,
A,2,,,,Bedin Sat,,27,,,
A,3,,,,Carlos,,27,,,
A,4,,,,Cittadin,,27,,,
A,5,,,,Ingá,,27,,,
A,6,,,,Mercadão da Eletrônica  ,,27,,,
A,7,,,,Omega Sat,,27,,,
A,8,,,,Palmersat,,27,,,
A,9,,,,Pardaltech,,27,,,
A,10,,,,Prisma,,27,,,
A,11,,,,Saturno,,27,,,
A,12,,,,TV-Ar,,27,,,
A,13,,,,Universal,,27,,,
P,28,alternativa,true ,true ,Emissora de TV Regional,A,,,,
A,1,,,,Band,,28,,,
A,2,,,,Catve,,28,,,
A,3,,,,Globo,,28,,,
A,4,,,,Record,,28,,,
A,5,,,,Rede Massa,,28,,,
A,6,,,,RIC,,28,,,
A,7,,,,RPC,,28,,,
A,8,,,,SBT,,28,,,
A,9,,,,Taroba,,28,,,
A,10,,,,TV naipi,,28,,,
P,29,alternativa,true ,true ,Empresa de Comunicação Visual,A,,,,
A,1,,,,Axis,,29,,,
A,2,,,,Darci Comunicação,,29,,,
A,3,,,,Eximia,,29,,,
A,4,,,,Goldesign,,29,,,
A,5,,,,Mozart,,29,,,
A,6,,,,OFF7,,29,,,
A,7,,,,Placa Mídia,,29,,,
A,8,,,,Printex,,29,,,
A,9,,,,Studio 17,,29,,,
A,10,,,,Toleplac,,29,,,
A,11,,,,Versa Digital,,29,,,
P,30,alternativa,true ,true ,Empresa de Desenvolvimento de Sistemas / Software,A,,,,
A,1,,,,Conceitto,,30,,,
A,2,,,,Conta Azul,,30,,,
A,3,,,,Data Work,,30,,,
A,4,,,,Decod Sistemas,,30,,,
A,5,,,,German Tech,,30,,,
A,6,,,,Inside,,30,,,
A,7,,,,Junsoft,,30,,,
A,8,,,,Lógica Informática,,30,,,
A,9,,,,Maxicon,,30,,,
A,10,,,,Monitor,,30,,,
A,11,,,,Orion Software,,30,,,
A,12,,,,Tecno Aliance,,30,,,
A,13,,,,Tecsmart,,30,,,
A,14,,,,Virtual,,30,,,
P,31,alternativa,true ,true ,Empresa de Organização de Formaturas/Eventos,A,,,,
A,1,,,,A1 Formaturas,,31,,,
A,2,,,,Bell'Eventus,,31,,,
A,3,,,,Ever Formaturas,,31,,,
A,4,,,,Excelência Eventos,,31,,,
A,5,,,,Inove Formaturas,,31,,,
P,32,alternativa,true ,true ,Equipamentos de Segurança e Incêndio,A,,,,
A,1,,,,Ativa,,32,,,
A,2,,,,Bompel,,32,,,
A,3,,,,Callai,,32,,,
A,4,,,,Cazanatto,,32,,,
A,5,,,,Extinfogo,,32,,,
A,6,,,,Extinsema,,32,,,
A,7,,,,Extinstocco,,32,,,
A,8,,,,Extintol,,32,,,
A,9,,,,Extinwelter,,32,,,
A,10,,,,Matrix,,32,,,
A,11,,,,Nacional,,32,,,
A,12,,,,Oeste,,32,,,
A,13,,,,Prev Incendio,,32,,,
A,14,,,,Pró-Luvas,,32,,,
A,15,,,,Toledo,,32,,,
A,16,,,,VET - vistoriadora de extintores,,32,,,
P,33,alternativa,true ,true ,Equipamentos para avicultura / suinocultura,A,,,,
A,1,,,,Avicasp,,33,,,
A,2,,,,Avimac,,33,,,
A,3,,,,Avitec,,33,,,
A,4,,,,Avitol,,33,,,
A,5,,,,Suitec,,33,,,
A,6,,,,Tecnoaves,,33,,,
P,34,alternativa,true ,true ,Escola / Colégio,A,,,,
A,1,,,,Agricola,,34,,,
A,2,,,,Alfa,,34,,,
A,3,,,,Amelio Dal Bosco,,34,,,
A,4,,,,Anita Garibaldi,,34,,,
A,5,,,,Antonio José Reis,,34,,,
A,6,,,,Attilio Fontana,,34,,,
A,7,,,,Augustinho Donin,,34,,,
A,8,,,,Ayrton Senna,,34,,,
A,9,,,,Borges de Medeiros,,34,,,
A,10,,,,Castelo Branco,,34,,,
A,11,,,,CEEBJA,,34,,,
A,12,,,,CESTOL,,34,,,
A,13,,,,Dario Vellozo,,34,,,
A,14,,,,Egon Werner Bercht,,34,,,
A,15,,,,Favaretto Covatti,,34,,,
A,16,,,,Franscisco Galdino de Lima,,34,,,
A,17,,,,Funet,,34,,,
A,18,,,,Germano Rhoden,,34,,,
A,19,,,,Harbor,,34,,,
A,20,,,,Incomar,,34,,,
P,35,alternativa,true ,true ,Escola de Idiomas,A,,,,
A,1,,,,Athus,,35,,,
A,2,,,,CCAA,,35,,,
A,3,,,,CDI,,35,,,
A,4,,,,CNT,,35,,,
A,5,,,,Cromática,,35,,,
A,6,,,,Fera,,35,,,
A,7,,,,Fisk,,35,,,
A,8,,,,Hispano,,35,,,
A,9,,,,Intus,,35,,,
A,10,,,,Master,,35,,,
A,11,,,,Pet Cursos,,35,,,
A,12,,,,Planeta,,35,,,
A,13,,,,Polys,,35,,,
A,14,,,,Rockfeller,,35,,,
A,15,,,,Speak,,35,,,
A,16,,,,Wizard,,35,,,
A,17,,,,Work,,35,,,
A,18,,,,Yazigi,,35,,,
P,36,alternativa,true ,true ,Escola de Música,A,,,,
A,1,,,,Arte Música,,36,,,
A,2,,,,Cromática,,36,,,
A,3,,,,Espaço Musical,,36,,,
A,4,,,,Groovesul,,36,,,
A,5,,,,Música e Cia,,36,,,
A,6,,,,Recanto da Música,,36,,,
P,37,alternativa,true ,true ,Escritório de Contabilidade,A,,,,
A,1,,,,Agil,,37,,,
A,2,,,,Alfa,,37,,,
A,3,,,,Alvorada,,37,,,
A,4,,,,Atual,,37,,,
A,5,,,,Bloot,,37,,,
A,6,,,,Danzer,,37,,,
A,7,,,,Decisão,,37,,,
A,8,,,,Deskon,,37,,,
A,9,,,,Donasolo,,37,,,
A,10,,,,Eco Contabilidade,,37,,,
A,11,,,,Escalla,,37,,,
A,12,,,,Exatus,,37,,,
A,13,,,,Exito,,37,,,
A,14,,,,Falk,,37,,,
A,15,,,,Ficagna,,37,,,
A,16,,,,Gruber,,37,,,
A,17,,,,Heis,,37,,,
A,18,,,,Idealize,,37,,,
P,38,alternativa,true ,true ,Estofaria e Tapeçaria,A,,,,
A,1,,,,Aurora,,38,,,
A,2,,,,Art's,,38,,,
A,3,,,,Brum,,38,,,
A,4,,,,Caio Estofados,,38,,,
A,5,,,,Casa Conforto,,38,,,
A,6,,,,Corcino,,38,,,
A,7,,,,Daco,,38,,,
A,8,,,,Dois Irmãos,,38,,,
A,9,,,,Imperial,,38,,,
A,10,,,,JB Estofados,,38,,,
A,11,,,,Lorini,,38,,,
A,12,,,,Master,,38,,,
A,13,,,,Otavio,,38,,,
A,14,,,,Penteado,,38,,,
A,15,,,,Queiroz,,38,,,
A,16,,,,Rodrigo,,38,,,
A,17,,,,Stillu's,,38,,,
P,39,alternativa,true ,true ,Fábrica de Carrocerias e Caçambas,A,,,,
A,1,,,,BR Carrocerias,,39,,,
A,2,,,,Carrocerias Bonaldo,,39,,,
A,3,,,,Carrocerias São José,,39,,,
A,4,,,,HMM Hidráulica,,39,,,
A,5,,,,RS Soldas,,39,,,
P,40,alternativa,true ,true ,Fábrica de Móveis / Marcenaria,A,,,,
A,1,,,,Armazém Moveis,,40,,,
A,2,,,,Art Projetos,,40,,,
A,3,,,,Cadeiras Rosa,,40,,,
A,4,,,,Limberger,,40,,,
A,5,,,,Mallman,,40,,,
A,6,,,,Meotti,,40,,,
A,7,,,,Modilac,,40,,,
A,8,,,,Prisma Design,,40,,,
A,9,,,,São Pedro,,40,,,
A,10,,,,Simbella,,40,,,
A,11,,,,Universal Office,,40,,,
A,12,,,,Valcarengui,,40,,,
A,13,,,,Zimmermann,,40,,,
P,41,alternativa,true ,true ,Farmácia,A,,,,
A,1,,,,A Farmacêutica,,41,,,
A,2,,,,Barão,,41,,,
A,3,,,,Bio Farma,,41,,,
A,4,,,,Bioativa,,41,,,
A,5,,,,Brasil,,41,,,
A,6,,,,Central,,41,,,
A,7,,,,Clivatti,,41,,,
A,8,,,,Coopagro,,41,,,
A,9,,,,Do Advogado,,41,,,
A,10,,,,Do Estado do Paraná,,41,,,
A,11,,,,Do Povo,,41,,,
A,12,,,,Droga Raia,,41,,,
A,13,,,,Drogacentro,,41,,,
A,14,,,,Drogaluz,,41,,,
A,15,,,,Drogazan,,41,,,   
P,42,alternativa,true ,true ,Farmácia de Manipulação,A,,,,
A,1,,,,Bioativa,,42,,,
A,2,,,,Biofarma,,42,,,
A,3,,,,Central,,42,,,
A,4,,,,Farma Ervas,,42,,,
A,5,,,,Natural Farma,,42,,,
A,6,,,,Pharmaderm,,42,,,
A,7,,,,Real,,42,,,
A,8,,,,Santo Antonio,,42,,,
A,9,,,,São Lucas,,42,,,
P,43,alternativa,true ,true ,Floricultura,A,,,,
A,1,,,,Angel,,43,,,
A,2,,,,Biullas,,43,,,
A,3,,,,Brotos e Artes,,43,,,
A,4,,,,Camélia,,43,,,
A,5,,,,Edson,,43,,,
A,6,,,,Essencia,,43,,,
A,7,,,,Flora Verde,,43,,,
A,8,,,,Hara's,,43,,,
A,9,,,,Isabela,,43,,,
A,10,,,,Neca,,43,,,
A,11,,,,Pedroso,,43,,,
A,12,,,,Santa Helena,,43,,,
A,13,,,,Stylus,,43,,,
A,14,,,,Xanadu,,43,,,
P,44,alternativa,true ,true ,Foto,A,,,,
A,1,,,,Avenida,,44,,,
A,2,,,,Clivatti,,44,,,
A,3,,,,Jardim,,44,,,
A,4,,,,Karin,,44,,,
A,5,,,,Pioneiro,,44,,,
P,45,alternativa,true ,true ,Funilaria (Calhas e Rufos),A,,,,
A,1,,,,Avenida,,45,,,
A,2,,,,Bertoti,,45,,,
A,3,,,,Brasil,,45,,,
A,4,,,,Britania,,45,,,
A,5,,,,Cezario,,45,,,
A,6,,,,Companhia das Calhas,,45,,,
A,7,,,,Fumetal,,45,,,
A,8,,,,Funibras,,45,,,
A,9,,,,Funimetal,,45,,,
A,10,,,,Funitol,,45,,,
A,11,,,,JC Funilaria,,45,,,
A,12,,,,JF,,45,,,
A,13,,,,JR,,45,,,
A,14,,,,Metol,,45,,,
A,15,,,,Panorama,,45,,,
A,16,,,,Pioneira,,45,,,
A,17,,,,Rei das Calhas,,45,,,
A,18,,,,RRD,,45,,,
A,19,,,,Tesouras de Ouro,,45,,,
A,20,,,,Toledo,,45,,,
A,21,,,,Vital,,45,,,
P,46,alternativa,true ,true ,Gelateria,A,,,,
A,1,,,,Dom Karamello,,46,,,
A,2,,,,Gelateria Perdonato,,46,,,
A,3,,,,Gelato Nobile,,46,,,
P,47,alternativa,true ,true ,Gráfica,A,,,,
A,1,,,,Colombo,,47,,,
A,2,,,,Conceito,,47,,,
A,3,,,,Estrela ,,47,,,
A,4,,,,Grafo Set,,47,,,
A,5,,,,Imagem,,47,,,
A,6,,,,JA,,47,,,
A,7,,,,Joffel,,47,,,
A,8,,,,Manz,,47,,,
A,9,,,,São Valentim,,47,,,
A,10,,,,Sul Grafica,,47,,,
A,11,,,,Suprema,,47,,,
A,12,,,,Toledo,,47,,,
A,13,,,,Tolegraf,,47,,,
A,14,,,,Valgraf,,47,,,
P,48,alternativa,true ,true ,Guia Telefônico e Comercial,A,,,,
A,1,,,,Brasil Telefon,,48,,,
A,2,,,,Editel,,48,,,
A,3,,,,Localizar,,48,,,
A,4,,,,Oi,,48,,,
A,5,,,,Toledo,,48,,,
A,6,,,,Tudo a Ver,,48,,,
A,7,,,,Viver,,48,,,
P,49,alternativa,true ,true ,Hotel,A,,,,
A,1,,,,Bello,,49,,,
A,2,,,,Cogo,,49,,,
A,3,,,,Do Lago,,49,,,
A,4,,,,Dominguinhos,,49,,,
A,5,,,,Estrela Azul,,49,,,
A,6,,,,Luar,,49,,,
A,7,,,,Maestro,,49,,,
A,8,,,,Monte Sion,,49,,,
A,9,,,,Nayru,,49,,,
A,10,,,,Olinda,,49,,,
A,11,,,,Rosas Hotel,,49,,,
A,12,,,,Sleep,,49,,,
A,13,,,,Solar,,49,,,
A,14,,,,Villa Verde,,49,,,
P,50,alternativa,true ,true ,Imobiliária,A,,,,
A,1,,,,Ativa,,50,,,
A,2,,,,Bella Casa,,50,,,
A,3,,,,Bettega,,50,,,
A,4,,,,Calany,,50,,,
A,5,,,,DAX,,50,,,
A,6,,,,Elo,,50,,,
A,7,,,,Giareta,,50,,,
A,8,,,,Habitabem,,50,,,
A,9,,,,Inovar,,50,,,
A,10,,,,Lago azul,,50,,,
A,11,,,,Lokatell,,50,,,
A,12,,,,Mafra,,50,,,
A,13,,,,Maximize,,50,,,
A,14,,,,Modelo,,50,,,
P,51,alternativa,true ,true ,Impemeabilização,A,,,,
A,1,,,,Basica impermeabilização,,51,,,
A,2,,,,Conceito sul impermeabilizações,,51,,,
A,3,,,,Petry lar,,51,,,
A,4,,,,Protegi impermeabilizações,,51,,,
A,5,,,,Toledo Impermeabilizações,,51,,,
P,52,alternativa,true ,true ,Jornal Impresso,A,,,,
A,1,,,,Anuncie Negócios,,52,,,
A,2,,,,Correio Mais,,52,,,
A,3,,,,Face da Notícia,,52,,,
A,4,,,,Folha da Região,,52,,,
A,5,,,,Gazeta de Toledo,,52,,,
A,6,,,,Jornal do Oeste,,52,,,
A,7,,,,O Presente,,52,,,
A,8,,,,Viver Toledo,,52,,,
P,53,alternativa,true ,true ,Laboratório de Análises Clinicas,A,,,,
A,1,,,,Analisare,,53,,,
A,2,,,,Anchietta,,53,,,
A,3,,,,Bio Analise,,53,,,
A,4,,,,Bio Clinic,,53,,,
A,5,,,,Labclinic ,,53,,,
A,6,,,,Labor Center,,53,,,
A,7,,,,Neolab,,53,,,
A,8,,,,Toledo,,53,,,
P,54,alternativa,true ,true ,Lanchonete e Fast Food,A,,,,
A,1,,,,América Burger,,54,,,
A,2,,,,Bob's,,54,,,
A,3,,,,Bom Pastel,,54,,,
A,4,,,,Bom Sabor,,54,,,
A,5,,,,Casa da Fumaça,,54,,,
A,6,,,,Croasonho,,54,,,
A,7,,,,Dog King,,54,,,
A,8,,,,Dom Bolinha,,54,,,
A,9,,,,Drakkar Burger e Steak,,54,,,
A,10,,,,Duwo,,54,,,
A,11,,,,Fioravante,,54,,,
A,12,,,,Gáucho Lanches,,54,,,
A,13,,,,Golden Chopp,,54,,,
A,14,,,,Good Snack,,54,,,
A,15,,,,Hamburgueria Vitória,,54,,,
A,16,,,,Iscool Burgues,,54,,,
A,17,,,,Jhony's,,54,,,
A,18,,,,La Mafia,,54,,,
A,19,,,,Nobre Confraria,,54,,,
A,20,,,,O Plutão,,54,,,
A,21,,,,Quero Suco,,54,,,
A,22,,,,Subway,,54,,,
A,23,,,,X Picanha Buzão,,54,,,
P,55,alternativa,true ,true ,Livraria e papelaria,A,,,,
A,1,,,,Arco-iris,,55,,,
A,2,,,,Barão,,55,,,
A,3,,,,Carlu,,55,,,
A,4,,,,Cometa,,55,,,
A,5,,,,Dazu,,55,,,
A,6,,,,Ebenezer,,55,,,
A,7,,,,Frapel,,55,,,
A,8,,,,Geração,,55,,,
A,9,,,,Ideal,,55,,,
A,10,,,,Jacks,,55,,,
A,11,,,,Livrapel,,55,,,
A,12,,,,Mais,,55,,,
A,13,,,,Omega,,55,,,
A,14,,,,Panambi,,55,,,
A,15,,,,Quality,,55,,,
A,16,,,,Saber,,55,,,
A,17,,,,Sorti,,55,,,
P,56,alternativa,true ,true ,Locação de Trajes (Roupas),A,,,,
A,1,,,,Alfaiataria Modelo,,56,,,
A,2,,,,Bela Noiva,,56,,,
A,3,,,,Belíssima,,56,,,
A,4,,,,Cleo Noivas,,56,,,
A,5,,,,Dona Charmosa,,56,,,
A,6,,,,Espaço da Noiva Locações,,56,,,
A,7,,,,Fiore Atelier,,56,,,
A,8,,,,Gran Finale,,56,,,
A,9,,,,Mada Modas,,56,,,
A,10,,,,Maximus Atelier,,56,,,
A,11,,,,Raffer,,56,,,
A,12,,,,Rosana,,56,,,
A,13,,,,Shirlei Locações,,56,,,
A,14,,,,Stoffhauss,,56,,,
P,57,alternativa,true ,true ,Locadora de Máquinas,A,,,,
A,1,,,,Becker Locação,,57,,,
A,2,,,,Casa do Construtor,,57,,,
A,3,,,,Santo Expedido,,57,,,
A,4,,,,São Jorge,,57,,,
P,58,alternativa,true ,true  ,Loja de Armarinho e Aviamentos,A,,,,  
A,1,,,,Agulha de Ouro,,58,,,
A,2,,,,Barbarella,,58,,,
A,3,,,,Carlu,,58,,,
A,4,,,,Casa do Bandô,,58,,,
A,5,,,,Dariane,,58,,,
A,6,,,,Estoque,,58,,,
A,7,,,,Jaqueane,,58,,,
A,8,,,,Ocla,,58,,,
A,9,,,,Zelo Armarinhos,,58,,,
P,59,alternativa,true ,true ,Loja de brinquedos,B ,,,,
A,1,,,,Big 1,99,,59,,,
A,2,,,,Brinquedos Larissa,,59,,,
A,3,,,,Brinquedos Toledo,,59,,,
A,4,,,,Dinâmica,,59,,,
A,5,,,,Kaketha,,59,,,
A,6,,,,Loja do Baiano,,59,,,
A,7,,,,Loja Keller,,59,,,
A,8,,,,Lu Decorações e Brinquedos,,59,,,
A,9,,,,Shopping 1,99,,59,,,
P,60,alternativa,true ,true ,Loja de Calçados,B,,,,
A,1,,,,Arezzo,,60,,,
A,2,,,,Bompel,,60,,,
A,3,,,,Calce Leve,,60,,,
A,4,,,,Calcebel,,60,,,
A,5,,,,Clube do Pé,,60,,,
A,6,,,,Cristo Rei,,60,,,
A,7,,,,D'dorini,,60,,,
A,8,,,,Denise Caçados,,60,,,
P,61,alternativa,true ,true ,Loja de Cama, Mesa e Banho,B,,,,
A,1,,,,Casas Brasil,,61,,,
A,2,,,,Havan,,61,,,
A,3,,,,Kelly,,61,,,
A,4,,,,LM,,61,,,
A,5,,,,Mirian Rios,,61,,,
A,6,,,,Odagui,,61,,,
A,7,,,,Pernambucanas,,61,,,
A,8,,,,Romera,,61,,,
P,62,alternativa,true ,true ,Loja de Conveniência,B,,,,
A,1,,,,Armazem do João,,62,,,
A,2,,,,Bagdad,,62,,,
A,3,,,,Brothers,,62,,,
A,4,,,,Brothers Beer,,62,,,
A,5,,,,Favo de Mel,,62,,,
A,6,,,,Kawi,,62,,,
A,7,,,,O Barão,,62,,,
A,8,,,,Ticão,,62,,,
A,9,,,,Zero Grau,,62,,,
A,10,,,,Zero Hora,62,,,
P,63,alternativa,true ,true ,Loja de cosméticos e perfumaria,B,,,,
A,1,,,,Agua de Cheiro,,63,,,
A,2,,,,Amil,,63,,,
A,3,,,,Amplo,,63,,,
A,4,,,,Bonita,,63,,,
A,5,,,,Contato,,63,,,
A,6,,,,Contem 1G,,63,,,
A,7,,,,Elegance,,63,,,
A,8,,,,Empório da Beleza,,63,,,
A,9,,,,Enbelezze,,63,,,
A,10,,,,Essenza,,63,,,
A,11,,,,Esthetic Store,,63,,,
A,12,,,,Hinode,,63,,,
A,13,,,,Jequiti,,63,,,
A,14,,,,Laqua di Fiori,,63,,,
A,15,,,,Merli,,63,,,
A,16,,,,Natura,,63,,,
A,17,,,,O Boticario,,63,,,
A,18,,,,Racco,,63,,,
A,19,,,,Spa da Pele,,63,,,
A,20,,,,Spaço da Beleza,,63,,,
A,21,,,,Suporte,,63,,,
A,22,,,,Top,,63,,,
A,23,,,,Trade,,63,,,
A,24,,,,Via da Beleza,,63,,,
A,25,,,,Vizeme,,63,,,
P,64,alternativa,true ,true ,Loja de eletrodomésticos,B,,,,
A,1,,,,Americanas,,64,,,
A,2,,,,Casas Bahia,,64,,,
A,3,,,,Colombo,,64,,,
A,4,,,,Darom,,64,,,
A,5,,,,Dudony,,64,,,
A,6,,,,Havan,,64,,,
A,7,,,,HC Eletromoveis,,64,,,
P,65,alternativa,true ,true ,Loja de equipamento de informática,B,,,,
A,1,,,,Easy,,65,,,
A,2,,,,Ere,,65,,,
A,3,,,,Exacton,,65,,,
A,4,,,,Macrosoft,,65,,,
A,5,,,,Mercadão da Eletrônica,,65,,,
A,6,,,,Mercadão da Informática - MI,,65,,,
A,7,,,,Nasc,,65,,,
A,8,,,,RS,,65,,,
A,9,,,,Virtual,,65,,,
P,66,alternativa,true ,true ,Loja de materiais de construção,B,,,,
A,1,,,,Alternativa,,66,,,
A,2,,,,Antunes,,66,,,
A,3,,,,Avenida,,66,,,
A,4,,,,Bigolin,,66,,,
A,5,,,,Cardoso,,66,,,
A,6,,,,Coelh,,66,,,
A,7,,,,Construcerto,,66,,,
A,8,,,,Constrular,,66,,,
A,9,,,,Construpan,,66,,,
A,10,,,,Fabinho,,66,,,
A,11,,,,Forma Designer,,66,,,
P,67,alternativa,true ,true ,Loja de Materiais de Pesca,B,,,,
A,1,,,,Aiko,,67,,,
A,2,,,,Aquaripesca,,67,,,
A,3,,,,Boi Gordo,,67,,,
A,4,,,,Caça e Pesca,,67,,,
A,5,,,,Planeta Pesca esportiva,,67,,,
A,6,,,,Sul Pesca,,67,,,
P,68,alternativa,true ,true ,Loja de Material elétrico,B,,,,
A,1,,,,Bigolin,,68,,,
A,2,,,,Campestre,,68,,,
A,3,,,,Clarear,,68,,,
A,4,,,,Constrular,,68,,,
A,5,,,,D&D,,68,,,
A,6,,,,DZ Eletrica,,68,,,
A,7,,,,Eletro Alfa,,68,,,
A,8,,,,Eletroluz,,68,,,
A,9,,,,Faxtemaq,,68,,,
A,10,,,,Fical,,68,,,
A,11,,,,Fumacol,,68,,,
A,12,,,,Ligue Fio ,,68,,,
A,13,,,,Maxiluz,,68,,,
P,69,alternativa,true ,true ,Loja de Material Esportivo,B,,,,
A,1,,,,AIko Pesca Esportiva,,69,,,
A,2,,,,Jaclani,,69,,,
A,3,,,,Lince Esportes,,69,,,
A,4,,,,Palotina Esportes,,69,,,
A,5,,,,Panambi Sports,,69,,,
A,6,,,,Paris Esportes,,69,,,
A,7,,,,Planeta Esporte e Pesca,,69,,,
A,8,,,,Profi Esportes,,69,,,
A,9,,,,RC Esportes,,69,,,
A,10,,,,Sportland,,69,,,
A,11,,,,Tennis Express,,69,,,
P,70,alternativa,true ,true ,Loja de Moda Infantil,B,,,,
A,1,,,,Anabell,,70,,,
A,2,,,,Anjo Meu,,70,,,
A,3,,,,Baby Center,,70,,,
A,4,,,,Batatinhas,,70,,,
A,5,,,,Criança e Cia,,70,,,
P,71,alternativa,true ,true ,Loja de Móveis,B,,,,
A,1,,,,Angel,,71,,,
A,2,,,,Art Projetos,,71,,,
A,3,,,,Avenida,,71,,,
A,4,,,,Cadeiras Rosa,,71,,,
A,5,,,,Carvalho,,71,,,
A,6,,,,Casas Bahia,,71,,,
A,7,,,,Colombo,,71,,,
A,8,,,,Conforto,,71,,,
A,9,,,,Dacasa,,71,,,
A,10,,,,Darom,,71,,,
P,72,alternativa,true ,true ,Loja de Presentes,B,,,,
A,1,,,,AM Presentes,,72,,,
A,2,,,,Bela America Presentes,,72,,,
A,3,,,,Bianca Presentes,,72,,,
A,4,,,,Big 1,99 ,,72,,,
A,5,,,,Biullas Presentes,,72,,,
A,6,,,,Destak Presentes,,72,,,
A,7,,,,Dinamica,,72,,,
P,73,alternativa,true ,true ,Loja de Roupas,B,,,,
A,1,,,,Above and Beyond,,73,,,
A,2,,,,Anabel,,73,,,
A,3,,,,Anabell Homem,,73,,,
A,4,,,,Antonio Jose,,73,,,
A,5,,,,Arco Iris,,73,,,
A,6,,,,Baratik,,73,,,
A,7,,,,Casas Brasil,,73,,,
A,8,,,,Convicção Modas,,73,,,
A,9,,,,Dimazzo,,73,,,
A,10,,,,Duquess,,73,,,
A,11,,,,Espaço da Moda,,73,,,
P,74,alternativa,true ,true ,Loja de roupas Intimas,B,,,,
A,1,,,,Bella Mulher,,74,,,
A,2,,,,Contato Intimo,,74,,,
A,3,,,,Corpo Intimo,,74,,,
A,4,,,,Dinanda,,74,,,
A,5,,,,Duzani,,74,,,
A,6,,,,Exotica,,74,,,
A,7,,,,Havan,,74,,,
A,8,,,,Inspiração,,74,,,
A,9,,,,Karicias,,74,,,
A,10,,,,LM,,74,,,
A,11,,,,Lody,,74,,,
A,12,,,,Miragem,,74,,,
A,13,,,,Pernambucanas,,74,,,
A,14,,,,Wandek,,74,,,
P,75,alternativa,true ,true ,Loja de Tecidos,B,,,,
A,1,,,,Anabell,,75,,,
A,2,,,,Brasil,,75,,,
A,3,,,,Casa do Bandô,,75,,,
A,4,,,,Estoque Tecidos,,75,,,
A,5,,,,LM,,75,,,
A,6,,,,Maximus Tecidos Finos,,75,,,
A,7,,,,Pernambucanas,,75,,,
A,8,,,,Stoffhauss,,75,,,
A,9,,,,Zacar,,75,,,
P,76,alternativa,true ,true ,76 Loja de Tintas,B,,,,
A,1,,,,Aquarela,,76,,,
A,2,,,,Barão,,76,,,
A,3,,,,Bigolin,,76,,,
A,4,,,,Casa Cor,,76,,,
A,5,,,,Casa das Tintas,,76,,,
A,6,,,,Central,,76,,,
A,7,,,,Foz Tintas,,76,,,
A,8,,,,Laborde,,76,,,
A,9,,,,Popular,,76,,,
A,10,,,,Ronil Tintas,,76,,,
A,11,,,,São João,,76,,,
A,12,,,,Toledo,,76,,,
P,77,alternativa,true ,true ,Loja para Pecuária Leiteira,B,,,,
A,1,,,,AGP Group,,77,,,
A,2,,,,Avioeste,,77,,,
A,3,,,,Casa do Leite,,77,,,
A,4,,,,Clube do Leite,,77,,,
A,5,,,,Coamo,,77,,,
A,6,,,,Cooperlac,,77,,,
A,7,,,,Primato,,77,,,
A,8,,,,Pro Ordenha,,77,,,
P,78,alternativa,true ,true ,Lotérica,B,,,,
A,1,,,,Gralha Azul,,78,,,
A,2,,,,JT,,78,,,
A,3,,,,Nipo,,78,,,
A,4,,,,Oeste,,78,,,
A,5,,,,Panorama,,78,,,
A,6,,,,Parigot,,78,,,
A,7,,,,Pioneira,,78,,,
A,8,,,,Poli,,78,,,
A,9,,,,Portal,,78,,,
A,10,,,,Prochinau,,78,,,
A,11,,,,Toledo,,78,,,
A,12,,,,Tombola,,78,,,
A,13,,,,União,,78,,,
P,79,alternativa,true ,true ,Máquinas e Ferramentas Profissionais,B,,,,
A,1,,,,Abrastol,,79,,,
A,2,,,,Amil,,79,,,
A,3,,,,Back Motosserras,,79,,,
A,4,,,,Bocato Casa dos Parafusos,,79,,,
A,5,,,,Ferragens Oeste,,79,,,
A,6,,,,JS,,79,,,
A,7,,,,Nellato,,79,,,
A,8,,,,Paraná Soldas,,79,,,
A,9,,,,Rei Parafusos e Ferramentas,,79,,,
A,10,,,,Solutec,,79,,,
A,11,,,,Tangará,,79,,,
A,12,,,,Viptools,,79,,,
P,80,alternativa,true ,true ,Marmoraria,B,,,,
A,1,,,,Art Pedra,,80,,,
A,2,,,,Berlanda,,80,,,
A,3,,,,Dípedra,,80,,,
A,4,,,,Granitol,,80,,,
A,5,,,,Martol,,80,,,
A,6,,,,Modelo,,80,,,
A,7,,,,Nascimento,,80,,,
A,8,,,,Pedra Bella,,80,,,
A,9,,,,São Gabriel,,80,,,
A,10,,,,Selva de Pedras,,80,,,
A,11,,,,Toledo,,80,,,
A,12,,,,Tolemarmores,,80,,,
A,13,,,,Valle Marmores e Granitos,,80,,,
A,14,,,,Vendramini,,80,,,
A,15,,,,Vila Velha,,80,,,
P,81,alternativa,true ,true ,Mercearia,B,,,,
A,1,,,,Dal Bosco,,81,,,
A,2,,,,De Paula Mercearia,,81,,,
A,3,,,,Favo de Mel,,81,,,
A,4,,,,Ferreira Mercearia,,81,,,
A,5,,,,Laranja Doce,,81,,,
A,6,,,,Lisse Mercearia,,81,,,
A,7,,,,Nacional,,81,,,
A,8,,,,Primavera,,81,,,
A,9,,,,Roma,,81,,,
A,10,,,,Salles Mercearia,,81,,,
P,82,alternativa,true ,true ,Metalúrgica,B,,,,
A,1,,,,Back,,82,,,
A,2,,,,Bertoti,,82,,,
A,3,,,,Beton Steel,,82,,,
A,4,,,,Bortolotto,,82,,,
A,5,,,,Cezário,,82,,,
A,6,,,,Conformetal,,82,,,
A,7,,,,Eletal,,82,,,
A,8,,,,Ferroeste,,82,,,
A,9,,,,Funibras,,82,,,
A,10,,,,Funimetal,,82,,,
A,11,,,,Funitol,,82,,,
A,12,,,,Jardim,,82,,,
A,13,,,,JR,,82,,,
A,14,,,,Malumetal,,82,,,
A,15,,,,Metatol,,82,,,
A,16,,,,Metocil,,82,,,
A,17,,,,Multiforma,,82,,,
A,18,,,,Multimetal,,82,,,
A,19,,,,RRD,,82,,,
A,20,,,,Tres Fronteiras,,82,,,
A,21,,,,União,,82,,,
P,83,alternativa,true ,true ,Monitoramento e Alarme,B,,,,
A,1,,,,Aguiaseg,,83,,,
A,2,,,,Astec,,83,,,
A,3,,,,Atlanta,,83,,,
A,4,,,,Camtec,,83,,,
A,5,,,,Central,,83,,,
A,6,,,,Inviolavel,,83,,,
A,7,,,,Linger,,83,,,
A,8,,,,Master Vision,,83,,,
A,9,,,,OmegaSat,,83,,,
A,10,,,,Onseg,,83,,,
A,11,,,,Sanar,,83,,,
A,12,,,,Viaseg,,83,,,
P,84,alternativa,true  ,true ,Motel,B,,,,
A,1,,,,Bughaville,,84,,,
A,2,,,,Eclipse,,84,,,
A,3,,,,Frenesi,,84,,,
A,4,,,,Momenthus,,84,,,
A,5,,,,Overnight,,84,,,
A,6,,,,Tantra,,84,,,
P,85,alternativa,true ,true ,Oficina mecânica,B,,,,
A,1,,,,Bambusca,,85,,,
A,2,,,,Barrão,,85,,,
A,3,,,,Belenzier,,85,,,
A,4,,,,Bianchi,,85,,,
A,5,,,,Bragagnolo,,85,,,
A,6,,,,Brasicar,,85,,,
A,7,,,,Canoinhas,,85,,,
A,8,,,,Cido,,85,,,
A,9,,,,Confiança,,85,,,
A,10,,,,De Marchi,,85,,,
A,11,,,,Fabio Car,,85,,,
A,12,,,,Ferrari,,85,,,
A,13,,,,JM,,85,,,
A,14,,,,Lubricar,,85,,,
A,15,,,,Luizinho,,85,,,
A,16,,,,Malacarne,,85,,,
A,17,,,,Maldaner,,85,,,
A,18,,,,Mecanica do Irmão,,85,,,
A,19,,,,Menguele,,85,,,
A,20,,,,Merlini,,85,,,
A,21,,,,MJ Cars,,85,,,
A,22,,,,MM,,85,,,
A,23,,,,Nilcar,,85,,,
A,24,,,,Oficina do Prego,,85,,,
A,25,,,,Parigot,,85,,,
A,26,,,,Roda Viva,,85,,,
A,27,,,,Scenicar,,85,,,
A,28,,,,Tolecar,,85,,,
A,29,,,,anzella,,85,,,
A,30,,,,Wandecar,,85,,,
P,86,alternativa ,true ,true ,Ótica,B,,,,
A,1,,,,Barão,,86,,,
A,2,,,,Contato,,86,,,
A,3,,,,Cristal,,86,,,
A,4,,,,Curitiba,,86,,,
A,5,,,,Diniz,,86,,,
A,6,,,,Fátima,,86,,,
A,7,,,,Friedrich,,86,,,
A,8,,,,Globo,,86,,,
A,9,,,,Gouveia,,86,,,
A,10,,,,Orient,,86,,,
A,11,,,,Precisão,,86,,,
A,12,,,,Prisma,,86,,,
A,13,,,,Regina,,86,,,
A,14,,,,Rubi,,86,,,
A,15,,,,Scherer,,86,,,
A,16,,,,Visão,,86,,,
P,87,alternativa,true ,true ,Panificadora,B,,,,
A,1,,,,Água na Boca,,87,,,
A,2,,,,Aliança,,87,,,
A,3,,,,Armazém do Pão,,87,,,
A,4,,,,Bolo e Cia,,87,,,
A,5,,,,Carolle,,87,,,
A,6,,,,Central,,87,,,
A,7,,,,Cia do Pão,,87,,,
A,8,,,,Da Casa,,87,,,
A,9,,,,Das Irmãs,,87,,,
A,10,,,,Donna Cuca,,87,,,
A,11,,,,Empório do Pão,,87,,,
A,12,,,,Estação do Pão,,87,,,
A,13,,,,Expresso Panificadora,,87,,,
A,14,,,,Fabrica do Pão,,87,,,
A,15,,,,Favo de Mel,,87,,,
A,16,,,,Ideal,,87,,,
A,17,,,,Império a Panificação,,87,,,
A,18,,,,Ki Pão,,87,,,
A,19,,,,Ki-Sabor,,87,,,
A,20,,,,La Salle,,87,,,
A,21,,,,Nelci's,,87,,,
A,22,,,,Novo Pão,,87,,,
A,23,,,,Ofra,,87,,,
A,24,,,,Pão de Mel,,87,,,
A,25,,,,Q. Delicia,,87,,,
A,26,,,,Quincas,,87,,,
A,27,,,,Realeza,,87,,,
A,28,,,,Rei do Pão,,87,,,
A,29,,,,São Vicente de Paula,,87,,,
A,30,,,,Talismã,,87,,,
A,31,,,,Toledo,,87,,,
A,32,,,,Vó Nana,,87,,,
P,88,alternativa,true ,true ,Pet Shop,B,,,,
A,1,,,,4 Patas,,88,,,
A,2,,,,Agroshop,,88,,,
A,3,,,,Any’ Dogs Pet Center – Pet Shop,,88,,,
A,4,,,,Aquarivet,,88,,,
A,5,,,,Aukmia,,88,,,
A,6,,,,Beleza Animal,,88,,,
A,7,,,,Bom Pastor,,88,,,
A,8,,,,Dog Clean Pet Shop,,88,,,
A,9,,,,Du Cão Pet Shop,,88,,,
A,10,,,,Dumanu,,88,,,
A,11,,,,Fabi Mercantil,,88,,,
A,12,,,,Miau Auau Pet Shop Agropecuária,,88,,,
A,13,,,,Patas de Ouro,,88,,,
A,14,,,,Pet Chow Pet Shop,,88,,,
A,15,,,,Tolevet,,88,,,
A,16,,,,Triunpet,,88,,,
A,17,,,,Vert Dog’s,,88,,,
A,18,,,,Vitoria Pet Shop,,88,,,
P,89,alternativa,true ,true ,Piscinas,B,,,,
A,1,,,,Acquafibra,,89,,,
A,2,,,,Atlântica Piscinas,,89,,,
A,3,,,,Igui,,89,,,
A,4,,,,Laser Piscinas,,89,,,
A,5,,,,Loja das Piscinas,,89,,,
A,6,,,,Mania Piscinas,,89,,,
P,90,alternativa,true ,true ,Pizzaria,B,,,,
A,1,,,,Don Aureo,,90,,,
A,2,,,,Donatellus,,90,,,
A,3,,,,Firenza,,90,,,
A,4,,,,GM,,90,,,
A,5,,,,Golden,,90,,,
A,6,,,,Isadora,,90,,,
A,7,,,,Jow's,,90,,,
A,8,,,,La Tarrantela,,90,,,
A,9,,,,La Tavolla,,90,,,
A,10,,,,Magnata,,90,,,
A,11,,,,Martignoni,,90,,,
A,12,,,,Mercattu,,90,,,
A,13,,,,Millano,,90,,,
A,14,,,,Mineiro Pizzaria,,90,,,
A,15,,,,Mister,,90,,,
A,16,,,,Muttali,,90,,,
A,17,,,,Napoli,,90,,,
A,18,,,,Nino,,90,,,
A,19,,,,Nostra Pizza,,90,,,
A,20,,,,Passarela,,90,,,
A,21,,,,Pizza Chopp,,90,,,
A,22,,,,Qualitta,,90,,,
A,23,,,,Tattaglia,,90,,,
A,24,,,,Uomo Pizza,,90,,,
A,25,,,,Via Toscana,,90,,,
P,91,alternativa,true ,true ,Posto de combustível,B,,,,
A,1,,,,Avenida,,91,,,
A,2,,,,Back,,91,,,
A,3,,,,Blindagem,,91,,,
A,4,,,,Copauto,,91,,,
A,5,,,,Corujão,,91,,,
A,6,,,,Ecke,,91,,,
A,7,,,,Estradão,,91,,,
A,8,,,,Giachini,,91,,,
A,9,,,,Idaza,,91,,,
A,10,,,,Ipiranga,,91,,,
A,11,,,,Javali,,91,,,
A,12,,,,Jow’s,,91,,,
A,13,,,,Kawi,,91,,,
A,14,,,,Muraro,,91,,,
A,15,,,,Panambi,,91,,,
A,16,,,,Pioneiro,,91,,,
A,17,,,,Shell,,91,,,
A,18,,,,Stop,,91,,,
A,19,,,,Toleverde,,91,,,
A,20,,,,Top Posto do Lago,,91,,,
A,21,,,,Transyara,,91,,,
P ,92,alternativa,true ,true ,Posto de Lavagem,B,,,,
A,1,,,,Blindagem,,92,,,
A,2,,,,Brilho Car,,92,,,
A,3,,,,Coppini,,92,,,
A,4,,,,Fiapera,,92,,,
A,5,,,,Lavauto,,92,,,
A,6,,,,Lavecar,,92,,,
A,7,,,,Lorenzetti,,92,,,
A,8,,,,Saara,,92,,,
A,9,,,,Sombra,,92,,,
A,10,,,,Transyara,,92,,,
P,93,alternativa,true ,true ,Produção de Áudio e Vídeo,B,,,,
A,1,,,,Alexandre Andriolli Filmes,,93,,,
A,2,,,,Click Digital,,93,,,
A,3,,,,Evolution Produtora,,93,,,
A,4,,,,GH Filmes,,93,,,
A,5,,,,Giovani Produções,,93,,,
A,6,,,,Gustavo Hugo Filmes,,93,,,
A,7,,,,Mirabolante Filmes,,93,,,
A,8,,,,Natureza Produtora,,93,,,
A,9,,,,Toka Produções,,93,,,
A,10,,,,Videoart Produtora,,93,,,
A,11,,,,Vittore Produtora,,93,,,
P,94,alternativa,true ,true ,Produtos Naturais,B,,,,
A,1,,,,A Despensa,,94,,,
A,2,,,,Annis,,94,,,
A,3,,,,Celero Nacional,,94,,,
A,4,,,,Central Nutri,,94,,,
A,5,,,,Excelsa,,94,,,
A,6,,,,Grãos da Terra,,94,,,
A,7,,,,Martinhaki,,94,,,
A,8,,,,Nutri Vida,,94,,,
A,9,,,,O Celeiro,,94,,,
A,10,,,,Pro-Saúde,,94,,,
A,11,,,,Tolenutri,,94,,,
A,12,,,,Vida Natural,,94,,,
A,13,,,,Vita saude,,94,,,
P,95,alternativa,true ,true ,Rádio AM,B,,,,
A,1,,,,Guaçu,,95,,,
A,2,,,,Integração,,95,,,
A,3,,,,União,,95,,,
P,96,alternativa,true ,true ,Radio FM,B,,,,
A,1,,,,Capital,,96,,,
A,2,,,,Educativa,,96,,,
A,3,,,,Jovem Pan,,96,,,
A,4,,,,Mundial,,96,,,
A,5,,,,Vale Verde,,96,,,
P,97,alternativa,true ,true ,Recapagem de Pneus,B,,,,
A,1,,,,Dpaschoal,,97,,,
A,2,,,,FM Pneus,,97,,,
A,3,,,,Santo André,,97,,,
A,4,,,,Toledo,,97,,,
P,98,alternativa,true ,true ,Relojoaria e Joalheria,B,,,,
A,1,,,,Bela Joias,,98,,,
A,2,,,,Binotto,,98,,,
A,3,,,,Brunne Joias,,98,,,
A,4,,,,Citizem,,98,,,
A,5,,,,Cristal,,98,,,
A,6,,,,Darci,,98,,,
A,7,,,,Fátima,,98,,,
A,8,,,,Freiedrich,,98,,,
A,9,,,,Gal Joias,,98,,,
A,10,,,,Gouveia,,98,,,
A,11,,,,Marina,,98,,,
A,12,,,,Neide Jóias,,98,,,
A,13,,,,Oriente,,98,,,
A,14,,,,Perin,,98,,,
A,15,,,,Rubi,,98,,,
A,16,,,,Savare,,98,,,
A,17,,,,Scherer,,98,,,
A,18,,,,Tic-tac,,98,,,
A,19,,,,Visão,,98,,,
P,99,alternativa,true ,true ,Restaurante ,B,,,,
A,1,,,,Alemão,,99,,,
A,2,,,,Cachacaria,,99,,,
A,3,,,,Casa da Maria,,99,,,
A,4,,,,Casa do Pescado,,99,,,
A,5,,,,Centrão,,99,,,
A,6,,,,Chinatown,,99,,,
A,7,,,,Dezem,,99,,,
A,8,,,,Filezão,,99,,,
A,9,,,,Fogo de Chão,,99,,,
A,10,,,,Golden,,99,,,
A,11,,,,Jhonys,,99,,,
A,12,,,,Lunitti,,99,,,
A,13,,,,Milano,,99,,,
A,14,,,,Pantanal,,99,,,
A,15,,,,Português,,99,,,
A,16,,,,Pró Saude,,99,,,
A,17,,,,Quatro Irmãos,,99,,,
A,18,,,,Tio Zé,,99,,,
A,19,,,,Trevo,,99,,,
A,20,,,,Vitória,,99,,,
P,100,alternativa,true ,true ,Revenda de autopeças,B,,,,
A,1,,,,Auto Contato,,100,,,
A,2,,,,Avenida,,100,,,
A,3,,,,Belenzier,,100,,,
A,4,,,,Carepar,,100,,,
A,5,,,,Carlão,,100,,,
A,6,,,,Casa do Automóvel,,100,,,
A,7,,,,Dipagril,,100,,,
A,8,,,,Dipauto,,100,,,
A,9,,,,Dipema,,100,,,
A,10,,,,DKV,,100,,,
A,11,,,,DPL,,100,,,
A,12,,,,Euro,,100,,,
A,13,,,,Ferrari,,100,,,
A,14,,,,Ibiza,,100,,,
A,15,,,,Maldaner,,100,,,
A,16,,,,Mega Auto Peças,,100,,,
A,17,,,,Pitstop,,100,,,
A,18,,,,São Jorge,,100,,,
A,19,,,,Scherer,,100,,,
A,20,,,,SP Peças,,100,,,
A,21,,,,Vanzela,,100,,,
P,101,alternativa,true ,true ,Revenda de Celular,B,,,,
A,1,,,,Claro,,101,,,
A,2,,,,Faxtemaq,,101,,,
A,3,,,,Magazine Luiza,,101,,,
A,4,,,,Mythus,,101,,,
A,5,,,,Oi,,101,,,
A,6,,,,Pernambucas,,101,,,
A,7,,,,Romera,,101,,,
A,8,,,,Tim,,101,,,
A,9,,,,Vivo,,101,,,
P,102,alternativa,true ,true ,Revenda de Motos (Novas e Usadas),B,,,,
A,1,,,,Agil Motos,,102,,,
A,2,,,,Anamotos,,102,,,
A,3,,,,Aventura Motos,,102,,,
A,4,,,,Brasil Car,,102,,,
A,5,,,,Honda,,102,,,
A,6,,,,Ibiza,,102,,,
A,7,,,,JJ Veiculos,,102,,,
A,8,,,,Sodder,,102,,,
A,9,,,,Status,,102,,,
A,10,,,,Tropical,,102,,,
A,11,,,,Yamaha,,102,,,
P,103,alternativa,true ,true ,Revenda de Pneus,B,,,,
A,1,,,,Bolinha,,103,,,
A,2,,,,Campneus,,103,,,
A,3,,,,Dpascoal,,103,,,
A,4,,,,FM Pneus,,103,,,
A,5,,,,Idisa,,103,,,
A,6,,,,Joaçaba,,103,,,
A,7,,,,Kakarekos,,103,,,
A,8,,,,Paludo Pneus,,103,,,
A,9,,,,Pneucav,,103,,,
A,10,,,,Pneus Silva,,103,,,
A,11,,,,Polaquinho,,103,,,
A,12,,,,ZM pneus,,103,,,
P,104,alternativa,true ,true ,Revista Local ou Regional,B,,,,
A,1,,,,ACIT,,104,,,
A,2,,,,Cristo Rei,,104,,,
A,3,,,,Friends,,104,,,
A,4,,,,Maximus Noivas,,104,,,
A,5,,,,UP,,104,,,
A,6,,,,Versões,,104,,,
P,105,alternativa,true ,true ,Salão de Festas e Eventos,B,,,,
A,1,,,,Buffet Du Cheff Produção de Eventos,,105,,,
A,2,,,,Filezão Restaurante e Eventos,,105,,,
A,3,,,,Green Hall Eventos,,105,,,
A,4,,,,Madaly Eventos,,105,,,
A,5,,,,Mafalda Eventos,,105,,,
A,6,,,,Olinda Hotel e Eventos,,105,,,
A,7,,,,Recanto Verde,,105,,,
A,8,,,,Toledão,,105,,,
A,9,,,,Yara Eventos,,105,,,
P,106,alternativa,true ,true ,Saúde e Segurança no Trabalho (Treinamentos/ Laudos Técnicos),B,,,,
A,1,,,,Ambientalseg,,106,,,
A,2,,,,Ativa,,106,,,
A,3,,,,Clinicalmed,,106,,,
A,4,,,,Consiliarii,,106,,,
A,5,,,,Genusclin,,106,,,
A,6,,,,Kolben,,106,,,
A,7,,,,Pro-Empresas,,106,,,
A,8,,,,Rhumo,,106,,,
A,9,,,,T-Protege,,106,,,
A,10,,,,Treinaset,,106,,,
A,11,,,,Unimed,,106,,,
P,107,alternativa,true ,true ,Segurança e Vigilância,B,,,,
A,1,,,,Atlanta,,107,,,
A,2,,,,Desta,,107,,,
A,3,,,,Inviolável,,107,,,
A,4,,,,TG,,107,,,
A,5,,,,Tigre,,107,,,
P,108,alternativa,true ,true ,Serviços de Climatização e Ar-condicionado,B,,,,
A,1,,,,Angtec,,108,,,
A,2,,,,Artec,,108,,,
A,3,,,,Clima Bem ,,108,,,
A,4,,,,Eletriar,,108,,,
A,5,,,,Eletroar,,108,,,
A,6,,,,Fique Frio,,108,,,
A,7,,,,Flaviomar,,108,,,
A,8,,,,Geletric,,108,,,
A,9,,,,Goldfrio,,108,,,
A,10,,,,Oeste Clima,,108,,,
A,11,,,,Otto,,108,,,
A,12,,,,Panorama,,108,,,
A,13,,,,Refrioeste,,108,,,
A,14,,,,Resfriar,,108,,,
A,15,,,,Tecnofrio,,108,,,
A,16,,,,Tolear,,108,,,
A,17,,,,Toledo Climatização,,108,,,
A,18,,,,Tolefrio,,108,,,
P,109,alternativa,true ,true ,Sorveteria,B,,,,
A,1,,,,D´Italia,,109,,,
A,2,,,,DKilo,,109,,,
A,3,,,,DLight,,109,,,
A,4,,,,Eskimo,,109,,,
A,5,,,,Esquinão,,109,,,
A,6,,,,Gebom,,109,,,
A,7,,,,Italiano,,109,,,
A,8,,,,Kokil,,109,,,
A,9,,,,Miuzi Ki,,109,,,
A,10,,,,Mundo do Sorvete,,109,,,
A,11,,,,Nevasca,,109,,,
A,12,,,,Nobile,,109,,,
A,13,,,,Perola,,109,,,
A,14,,,,Refriluz,,109,,,
A,15,,,,Tropical,,109,,,
A,16,,,,Tytu's,,109,,,
P,110,alternativa,true ,true ,Supermercado,B,,,,
A,1,,,,4 irmãos,,110,,,
A,2,,,,Allmayer,,110,,,
A,3,,,,Big Supermercados,,110,,,
A,4,,,,Cidade Canção,,110,,,
A,5,,,,Dinanda,,110,,,
A,6,,,,Estrela,,110,,,
A,7,,,,Hebrom,,110,,,
A,8,,,,Lunitti,,110,,,
A,9,,,,Mazzi,,110,,,
A,10,,,,Muffato,,110,,,
A,11,,,,Nosso,,110,,,
A,12,,,,Pancera,,110,,,
A,13,,,,Primato,,110,,,
A,14,,,,Raimundi,,110,,,
A,15,,,,São Luiz,,110,,,
A,16,,,,Schorr,,110,,,
A,17,,,,Stop,,110,,,
A,18,,,,Trento,,110,,,
P,111,alternativa,true ,true ,Toldos e Coberturas,B,,,,
A,1,,,,Cia dos Toldos,,111,,,
A,2,,,,Indusfados Toldos,,111,,,
A,3,,,,Printex Toldos,,111,,,
A,4,,,,Toldos Toledo,,111,,,
P,112,alternativa,true ,true ,Transporte de Cargas,B,,,,
A,1,,,,Azul e Branco,,112,,,
A,2,,,,Bauer Cargas,,112,,,
A,3,,,,Bechi,,112,,,
A,4,,,,Bombonatto,,112,,,
A,5,,,,Cotroledo,,112,,,
A,6,,,,D Agostini,,112,,,
A,7,,,,Eucatur,,112,,,
A,8,,,,Jad Log,,112,,,
A,9,,,,Luzza,,112,,,
A,10,,,,Princesas dos Campos,,112,,,
A,11,,,,Rodonaves,,112,,,
A,12,,,,São Miguel,,112,,,
A,13,,,,Sobratol,,112,,,
A,14,,,,Trans Face,,112,,,
A,15,,,,TWR,,112,,,
A,16,,,,Unesul,,112,,,
P,113,alternativa,true ,true ,Transporte de Mudanças,B,,,,
A,1,,,,Correia transportes mudanças e fretes,,113,,,
A,2,,,,Felipe mudanças e fretes,,113,,,
A,3,,,,Japa mudanças,,113,,,
A,4,,,,MB mudanças,,113,,,
A,5,,,,Olegário mudanças,,113,,,
A,6,,,,Paraná mudanças,,113,,,
A,7,,,,Solitário mudanças,,113,,,
P,114,alternativa,true ,true ,Transporte escolar,B,,,,
A,1,,,,Gugalex,,114,,,
A,2,,,,JGA,,114,,,
A,3,,,,Parito,,114,,,
A,4,,,,Piquiriguaçu,,114,,,
A,5,,,,Transgiro,,114,,,
A,6,,,,Transtol,,114,,,
A,7,,,,Unitur,,114,,,
A,8,,,,Zakatur,,114,,,
P,115,alternativa,true ,true ,Uniformes Profissionais,B,,,,
A,1,,,,Calany,,115,,,
A,2,,,,Confexforte,,115,,,
A,3,,,,Delírio Brumapu,,115,,,
A,4,,,,Fornari,,115,,,
A,5,,,,Luna Confecções,,115,,,
A,6,,,,Lys Confecções,,115,,,
A,7,,,,Rhudyamara Confecções,,115,,,
A,8,,,,Stilo Lince,,115,,,
A,9,,,,Unibachi Uniformes,,115,,,
A,10,,,,Wandek,,115,,,
A,11,,,,WP Uniformes,,115,,,
P,116,alternativa,true ,true ,Vidraçaria,B,,,,
A,1,,,,Aludex,,116,,,
A,2,,,,Alutol,,116,,,
A,3,,,,Avenida,,116,,,
A,4,,,,Baiano,,116,,,
A,5,,,,Barrão,,116,,,
A,6,,,,Camp Vidros,,116,,,
A,7,,,,Casa dos Vidros,,116,,,
A,8,,,,Central Vidraçaria,,116,,,
A,9,,,,Cristal Box,,116,,,
A,10,,,,DL,,116,,,
A,11,,,,Estrela,,116,,,
A,12,,,,Jardim,,116,,,
A,13,,,,Kelly,,116,,,
A,14,,,,Medina,,116,,,
A,15,,,,Metal Glass,,116,,,
A,16,,,,Panorama,,116,,,
A,17,,,,Parigot,,116,,,
A,18,,,,Santinelli,,116,,,
A,19,,,,São Francisco,,116,,,
A,20,,,,Schio,,116,,,
A,21,,,,Tolebox,,116,,,
A,22,,,,Vidrobox,,116,,,